Turkish,English meaning,Categoy,Difficulty
Abi,Older brother,Family_Relationships,2
Abla,Older sister,Family_Relationships,2
Acaba,I wonder,Feelings_Emotions,3
Acı,Pain/ bitter/ spicy,Feelings_Emotions,2
Açık,Open,Feelings_Emotions,2
Acıkmak,To be hungry,Actions_Activities,3
Acil,Emergency,Actions_Activities,2
Açmak,To open,Actions_Activities,2
Ad,Name,Objects_Things,1
Adam,Man,Family_Relationships,3
Adet,Piece/ unit,Objects_Things,2
Adım,Step,Objects_Things,3
Adres,Address,Objects_Things,2
Ağaç,Tree,Objects_Things,2
Ağır,Heavy,Objects_Things,2
Ağız,Mouth,Objects_Things,2
Ağlamak,To cry,Feelings_Emotions,3
Aile,Family,Family_Relationships,2
Akıl,Mind,Objects_Things,2
Akıllı,Smart/ clever,Objects_Things,3
Akmak,To flow,Actions_Activities,2
Akşam,Evening,Time_Calendar,3
Alan,Area,Actions_Activities,3
Alışmak,To adjust,Actions_Activities,3
Alışveriş yapmak,To go shopping,Actions_Activities,6
Allah,God,Objects_Things,2
Almak,To take,Actions_Activities,2
Altı,Six,Numbers,2
Altın,Gold,Objects_Things,3
Altmış,Sixty,Numbers,2
Ama,But,Adjectives,2
Amaç,Purpose,Objects_Things,2
Amca,Uncle (father's brother),Family_Relationships,2
An,Moment,Time_Calendar,2
Anlam,Meaning,Family_Relationships,3
Anlamak,To understand,Actions_Activities,3
Anlaşılmak,To be understood,Actions_Activities,4
Anlatmak,To explain,Actions_Activities,3
Anne,Mother,Family_Relationships,2
Apartman,Apartment building,Places_Locations,4
Araba,Car,Objects_Things,3
Araç,Tool/ vehicle,Objects_Things,2
Aralık,December,Time_Calendar,3
Aramak,To search for/ to call (on the phone),Actions_Activities,3
Araştırmak,To research,Actions_Activities,4
Arı,Bee,Objects_Things,2
Arkadaş,Friend,Family_Relationships,3
Armut,Pear,Objects_Things,2
Artık,Anymore (these days),Actions_Activities,2
Artmak,To increase,Actions_Activities,2
Asıl,Actual,Actions_Activities,2
Aşırı,Extreme,Actions_Activities,3
Aşk,Romantic love,Feelings_Emotions,1
Asker,Soldier,Objects_Things,2
Asla,Never,Adjectives,2
Aslında,Actually,Adjectives,3
At,Horse,Objects_Things,1
Ateş,Fire,Objects_Things,2
Atlamak,To jump,Actions_Activities,3
Atmak,To throw,Actions_Activities,2
Ay,Moon/ month,Time_Calendar,1
Ayak,Foot,Objects_Things,2
Ayakkabı,Shoe,Objects_Things,4
Ayı,Bear,Objects_Things,2
Ayırmak,To separate,Actions_Activities,3
Ayna,Mirror,Objects_Things,2
Aynı,Similar,Adjectives,2
Ayrı,Separate,Adjectives,2
Ayrılmak,To be separated,Family_Relationships,3
Az,Little,Numbers,1
Baba,Dad,Family_Relationships,2
Bacak,Leg,Objects_Things,2
Bağırmak,To shout,Actions_Activities,3
Bağlamak,To tie/ to connect,Actions_Activities,3
Bahçe,Garden,Places_Locations,2
Bakan,Minister (government),Objects_Things,3
Bakış,View,Objects_Things,2
Bakmak,To look,Actions_Activities,2
Balık,Fish,Objects_Things,2
Banka,Bank,Objects_Things,2
Bant,Tape/ band/ strip,Objects_Things,1
Banyo,Bathroom (with a shower or bath),Places_Locations,2
Bardak,Glass (cup),Objects_Things,2
Barış,Peace (not at war),Objects_Things,2
Baş,Head,Objects_Things,1
Başarı,Success,Objects_Things,3
Basit,Basic/ simple,Adjectives,2
Başka,Other,Adjectives,2
Başkan,President/ chairman,Objects_Things,3
Baskı,Pressure,Objects_Things,2
Başlamak,To start,Actions_Activities,3
Basmak,To step/ to press,Actions_Activities,2
Batı,West,Time_Calendar,2
Batmak,To sink,Actions_Activities,2
Battaniye,Blanket,Objects_Things,4
Bayrak,Flag,Objects_Things,2
Bayram,Holiday,Time_Calendar,3
Bazen,Sometimes,Adjectives,3
Bazı,Some,Adjectives,2
Bebek,Baby,Family_Relationships,2
Bedava,Free,Adjectives,3
Beden,Body (or clothing size),Objects_Things,3
Beğenmek,To like,Actions_Activities,3
Bekâr,Single (not married),Family_Relationships,1
Beklemek,To wait,Actions_Activities,3
Bel,Waist/ lower back,Objects_Things,1
Belediye,Municipality,Objects_Things,4
Belge,Document,Objects_Things,2
Belki,Maybe,Adjectives,2
Belli,Clear/ obvious,Adjectives,2
Benzemek,To look like,Actions_Activities,3
Benzin,Gasoline,Objects_Things,3
Beraber,Together,Adjectives,3
Beş,Five,Numbers,1
Bey,Mr.,Objects_Things,1
Beyaz,White,Adjectives,2
Beyin,Brain,Objects_Things,3
Bez,Cloth (or diaper),Objects_Things,1
Bıçak,Knife,Objects_Things,2
Biçim,Shape,Adjectives,3
Bilet,Ticket,Objects_Things,2
Bilgi,Information,Objects_Things,2
Bilgisayar,Computer,Objects_Things,4
Bilim,Science,Objects_Things,3
Bilmek,To know,Actions_Activities,2
Bin,Thousand,Numbers,2
Bina,Building,Places_Locations,2
Binmek,To ride/ to get on (a bus),Actions_Activities,2
Bir,One,Question_Words,1
Bırakmak,To leave something,Actions_Activities,3
Biraz,A little,Adjectives,2
Birçok,A lot,Adjectives,2
Biri,Someone/ one of them,Question_Words,2
Birinci,First,Adjectives,3
Birisi,Someone,Question_Words,3
Birkaç,A few,Adjectives,2
Birlikte,Together,Adjectives,3
Bitirmek,To finish (something),Actions_Activities,3
Bitki,Plant,Objects_Things,2
Bitmek,To be finished,Actions_Activities,2
Böcek,Bug,Objects_Things,2
Boğaz,Throat,Places_Locations,2
Bölge,Region,Places_Locations,2
Bölmek,To divide,Actions_Activities,2
Bölüm,Division/ chapter,Places_Locations,3
Boru,Pipe,Objects_Things,2
Boş,Empty,Adjectives,1
Boşaltmak,To empty (something),Actions_Activities,3
Boşanmak,To get divorced,Actions_Activities,3
Boy,Size,Objects_Things,1
Boyamak,To paint/ to dye (something),Actions_Activities,3
Boyun,Neck,Objects_Things,3
Bozuk,Broken (stopped working),Adjectives,2
Bozulmak,To be broken (stop working),Actions_Activities,3
Bugün,Today,Time_Calendar,3
Bulmak,To find,Actions_Activities,2
Buluşmak,To meet up with,Actions_Activities,3
Burada,Here/ at/in this place,Places_Locations,3
Burası,This place,Places_Locations,3
Burun,Nose,Objects_Things,3
Bütün,All/ entire,Adjectives,3
Büyük,Big,Adjectives,2
Büyümek,To grow (bigger),Actions_Activities,3
Çabuk,Quick,Adjectives,2
Cadde,Street,Places_Locations,2
Çağırmak,To invite/ to call,Actions_Activities,3
Çalışmak,To work,Actions_Activities,3
Çalmak,To steal/ to play (an instrument),Actions_Activities,2
Cam,Glasses,Objects_Things,2
Çamaşır,Laundry,Objects_Things,3
Cami,Mosque,Places_Locations,2
Can,Life/ soul,Objects_Things,2
Canlı,Alive/ live broadcast,Adjectives,2
Çanta,Bag (backpack/ purse),Objects_Things,2
Çarpmak,To crash,Actions_Activities,2
Çarşamba,Wednesday,Time_Calendar,3
Çatal,Fork,Objects_Things,2
Çay,Tea,Objects_Things,1
Çaydanlık,Teapot,Objects_Things,3
Çekmek,To pull,Actions_Activities,2
Çeşit,Type/ variety,Adjectives,2
Cevap vermek,To answer,Actions_Activities,4
Çevirmek,To flip/ to translate something,Actions_Activities,3
Çevre,Environment,Places_Locations,2
Çeyrek,Quarter (25%),Numbers,2
Ceza,Punishment,Objects_Things,2
Çiçek,Flower,Objects_Things,2
Ciddi,Serious,Adjectives,2
Çift,Double,Numbers,1
Çiftçi,Farmer,Occupations,2
Cihaz,Electronic device,Objects_Things,2
Çıkarmak,To take off/ to remove,Actions_Activities,3
Çıkmak,To leave/ climb,Actions_Activities,2
Çirkin,Ugly,Adjectives,3
Çizgi,Line/ drawing,Objects_Things,2
Çocuk,Child,Family_Relationships,2
Çok,Very/ many,Adjectives,1
Çorap,Sock,Objects_Things,2
Çözmek,To solve/ to untie,Actions_Activities,2
Çözüm,Resolution,Objects_Things,3
Cuma,Friday,Time_Calendar,2
Cumartesi,Saturday,Time_Calendar,4
Cümle,Sentence,Language_Communication,2
Çünkü,Because,Conjunctions,2
Dağ,Mountain,Places_Locations,1
Daha az,Less,Adverbs,3
Daha çok,More,Adverbs,3
Daire,Apartment/ circle,Places_Locations,2
Dakika,Minute,Time_Calendar,3
Damla,Drop (of liquid),Objects_Things,2
Dans etmek,To dance,Actions_Activities,3
Davet etmek,To invite,Actions_Activities,4
Davranış,behavior,Actions_Activities,3
Davranmak,To behave (in a certain way),Actions_Activities,3
Dayanmak,To endure,Actions_Activities,3
Defter,Notebook,Objects_Things,2
Değer,Value,Objects_Things,2
Değil,Not,Conjunctions,2
Değişmek,(For something) to change,Actions_Activities,3
Değiştirmek,To change (something),Actions_Activities,4
Delik,Hole,Objects_Things,2
Demek,To say/ it means...,Language_Communication,2
Denemek,To try,Actions_Activities,3
Denge,Balance,Objects_Things,2
Deniz,Sea,Places_Locations,2
Deprem,Earthquake,Events,3
Derece,Degrees (temperature),Numbers,3
Deri,Skin,Objects_Things,2
Derin,Deep,Adjectives,3
Ders,Class,Education,1
Destek,Support,Actions_Activities,2
Devam etmek,To continue,Actions_Activities,4
Devlet,Government,Objects_Things,2
Diğer,The other (one),Adjectives,2
Dik,Steep,Adjectives,1
Dikkat etmek,To be careful,Actions_Activities,4
Dil,Tongue (or language),Language_Communication,1
Din,Religion,Concepts,2
Dinlemek,To listen,Actions_Activities,3
Dinlenmek,To rest,Actions_Activities,3
Dirilmek,To be resurrected,Actions_Activities,3
Diş,Tooth,Objects_Things,1
Diz,Knee,Body_Parts,1
Doğal,Natural,Adjectives,2
Doğal gaz,Natural Gas,Objects_Things,3
Doğmak,To be born,Actions_Activities,2
Doğru,Right,Adjectives,2
Doğu,East,Places_Locations,2
Doksan,Ninety,Numbers,3
Doktor,Doctor,Occupations,2
Dokuz,Nine,Numbers,2
Dolap,Cabinet,Objects_Things,2
Dolaşmak,To wander,Actions_Activities,3
Doldurmak,To fill,Actions_Activities,3
Dolu,Full,Adjectives,2
Dondurma,Ice cream,Food_Drink,3
Dönem,Period (of time),Time_Calendar,3
Döner,Shaved Meat,Actions_Activities,2
Dönmek,To turn,Actions_Activities,2
Dört,Four,Numbers,1
Dost,Best friend,Family_Relationships,1
Dosya,Folder,Objects_Things,2
Döviz,Foreign currency (esp. Dollars/ Euro),Finance,2
Düğün,Wedding celebration,Events,3
Dükkan,Shop,Places_Locations,3
Duman,Smoke,Objects_Things,3
Dün,Yesterday,Time_Calendar,2
Dünya,Earth/ world,Places_Locations,2
Durmak,To stop,Actions_Activities,2
Durum,Situation,Concepts,3
Dürüm,Sandwich wrap,Food_Drink,3
Duş almak,To take a shower,Actions_Activities,3
Düşmek,To fall,Actions_Activities,2
Düşünce,Thought,Concepts,3
Düşünmek,To think,Actions_Activities,3
Duvar,Wall,Objects_Things,2
Duygu,Emotion/ sense,Feelings_Emotions,2
Duymak,To hear/ to sense,Actions_Activities,2
Düz,Straight,Adjectives,1
Düzeltmek,To correct,Actions_Activities,3
Düzenlemek,To organize,Actions_Activities,4
Eğitim,Education,Education,4
Ek,Addition/ suffix,Language_Communication,1
Ekim,October,Time_Calendar,3
Eklemek,To add (common speech),Actions_Activities,3
Ekmek,Bread,Food_Drink,2
Ekonomi,Economy,Finance,4
Eksik,Missing,Adjectives,2
El,Hand,Body_Parts,1
Elbette,Certainly,Adverbs,3
Eldiven,Glove,Objects_Things,4
Elektrik,Electricity/ electric,Objects_Things,3
Eleman,Worker,Occupations,4
Elli,Fifty,Numbers,2
Elma,Apple,Food_Drink,2
Emekli,Retired,Occupations,3
Emin,Certain,Adjectives,3
Emlakçı,Realtor,Occupations,3
En,Most (or width),Adjectives,2
Enerji,Energy,Objects_Things,3
Enflasyon,Inflation,Finance,4
Engel,Barrier,Actions_Activities,2
Engelli,Disabled,Adjectives,3
Erimek,To melt,Actions_Activities,3
Erkek,Boy (or male),Family_Relationships,2
Erken,Early,Adjectives,3
Eş,Spouse/ companion,Family_Relationships,1
Eşit,Equal,Adjectives,2
Eski,Old,Adjectives,2
Eskiden,In the past,Adverbs,4
Eşya,Furnishings/ stuff,Objects_Things,2
Et,Meat/ flesh,Food_Drink,1
Etki,Effect,Actions_Activities,2
Etkilemek,To affect,Actions_Activities,4
Etmek,To do,Actions_Activities,2
Ev,Home,Places_Locations,1
Ev sahibi,Home owner,Family_Relationships,4
Evet,Yes,Language_Communication,2
Evlenmek,To marry,Family_Relationships,3
Evli,Married,Family_Relationships,2
Eylül,September,Time_Calendar,2
Fabrika,Factory,Places_Locations,3
Fakat,But,Conjunctions,2
Fakir,Poor,Adjectives,2
Falan filan,Etc,Adverbs,5
Fare,Mouse (animal or for computer),Animals,2
Fark,Difference,Concepts,1
Fark etmek,To notice,Actions_Activities,3
Farketmez,It doesn't matter,Adverbs,3
Farklı,Different,Adjectives,2
Fazla,Too much,Adjectives,2
Fikir,Idea,Concepts,2
Film,Movie (film),Entertainment,2
Fincan,(Tea or turkish coffee) cup,Objects_Things,3
Fırsat,Opportunity,Concepts,2
Fiş,Receipt/ electrical plug,Objects_Things,1
Fiyat,Price,Finance,2
Fotoğraf,Photograph,Objects_Things,3
Galiba,Probably,Adverbs,3
Gayet,Really/ quite,Adverbs,2
Gaz,Gas (but not gasoline),Objects_Things,1
Gazete,Newspaper (gazette),Objects_Things,3
Geç,Late,Adjectives,1
Geç kalmak,To be late,Actions_Activities,3
Gece,Night,Time_Calendar,2
Geçen,Last (week/ month/ year)/ one that passes,Adjectives,3
Geçici,Temporary,Adjectives,3
Geçmek,To pass,Actions_Activities,2
Geçmiş,Past,Adjectives,2
Gelecek,Next/ future,Adjectives,3
Gelenek,Tradition,Concepts,3
Gelir,Income,Finance,2
Gelmek,To come,Actions_Activities,2
Genç,Young (person),Adjectives,1
Gene,Again,Adverbs,2
Genel,General,Adjectives,2
Genellikle,Generally,Adverbs,4
Geniş,Wide (or loose fitting),Adjectives,2
Gerçek,True/ truth,Concepts,2
Gerçekten,Really,Adverbs,4
Gerekli,Needed,Adjectives,3
Gerekmek,To be needed,Actions_Activities,3
Geri gelmek,To come back,Actions_Activities,4
Geri vermek,To give back,Actions_Activities,4
Getirmek,To bring,Actions_Activities,3
Gezmek,To explore,Actions_Activities,2
Gibi,Like/ similar to,Conjunctions,2
Gıda,Food (market),Food_Drink,2
Giriş,Entrance,Places_Locations,2
Girmek,To enter,Actions_Activities,2
Gitmek,To go,Actions_Activities,2
Giymek,To put on (clothing),Actions_Activities,2
Giysi,Outfit (clothing),Objects_Things,2
Gizli,Secret (private),Adjectives,2
Göbek,Stomach/ belly/ center,Body_Parts,2
Göçmen,Refugee,People,3
Gök,Sky (or heaven),Objects_Things,1
Göl,Lake,Places_Locations,1
Göndermek,To send,Actions_Activities,3
Gönül,Heart/ soul,Feelings_Emotions,2
Görev,Duty,Actions_Activities,2
Görmek,To see,Actions_Activities,2
Görünmek,To appear,Actions_Activities,3
Görüşmek,To talk with/ to meet with,Actions_Activities,3
Göstermek,To show,Actions_Activities,3
Götürmek,To take something somewhere,Actions_Activities,3
Göz,Eye,Body_Parts,1
Gözlük,Glasses,Objects_Things,2
Gri,Grey,Colors,1
Grip,Flu,Health,1
Grup,Group,People,1
Güç,Strength,Concepts,1
Güçlü,Strong,Adjectives,2
Güle güle,Bye,Language_Communication,4
Gülmek,To laugh (or smile),Actions_Activities,2
Gülümsemek,To smile,Actions_Activities,4
Gümüş,Silver,Objects_Things,2
Gün,Day,Time_Calendar,2
Günah,Sin,Concepts,2
Güneş,Sun,Objects_Things,2
Güney,South,Places_Locations,2
Güven,Trust,Concepts,3
Güvenlik,Security,Concepts,3
Güvenmek,To trust,Concepts,3
Güzel,Good/ pretty,Adjectives,2
Haber,News,Language_Communication,2
Hadi,Hurry/ let's go,Language_Communication,2
Hafif,Light (weight),Adjectives,2
Hafta,Week,Time_Calendar,2
Hafta sonu,Weekend,Time_Calendar,4
Hâkim,Judge,Occupations,2
Haklı,Right (justified in saying something),Adjectives,2
Hal,State/ status,Concepts,1
Hâlâ,Still,Adverbs,1
Halı,Carpet,Objects_Things,2
Halk,People (people group),People,1
Hamburger,Hamburger,Food_Drink,3
Hangi,Which,Question_Words,2
Hanım,Mrs.,Family_Relationships,3
Hapishane,Jail,Places_Locations,4
Harcamak,To spend,Actions_Activities,3
Hareket,Activity,Actions_Activities,3
Harika,Wonderful,Adjectives,3
Harita,Map,Objects_Things,3
Hasta,Sick,Health,2
Hastane,Hospital,Places_Locations,3
Hata,Mistake/ imperfection,Concepts,2
Hatırlamak,To remember,Actions_Activities,4
Hava,Air,Weather,2
Havaalanı,Airport,Places_Locations,4
Havlu,Towel,Objects_Things,2
Havuz,Pool,Objects_Things,2
Hayal etmek,To dream/ imagine,Actions_Activities,4
Hayat,Life,Concepts,2
Hayır,No,Language_Communication,2
Hayvan,Animal,Animals,3
Hayvanat bahçesi,Zoo,Places_Locations,6
Hazır,Ready,Adjectives,2
Haziran,June,Time_Calendar,4
Hedef,Target/ goal,Concepts,2
Hediye,Gift,Objects_Things,3
Hemen,Right now,Adverbs,3
Henüz,Not yet,Adverbs,2
Hep,All,Adverbs,1
Hepsi,All (of a group),Adverbs,2
Her,Every,Adverbs,1
Her gün,Every day,Time_Calendar,3
Her şey,Everything,Adverbs,2
Her zaman,All the time,Adverbs,4
Herhalde,Probably,Adverbs,3
Herhangi,Whichever,Adverbs,3
Herkes,Everyone,People,2
Hesap,Account,Concepts,2
Hesap makinası,Calculator,Objects_Things,6
Heyecanlanmak,To be excited,Feelings_Emotions,5
Heyecanlı,Excited,Adjectives,4
Hiçbir,None,Adverbs,2
Hikâye,Story,Language_Communication,2
Hırdavatçı,Hardware store,Occupations,4
Hissetmek,To feel (emotion),Feelings_Emotions,3
Hızlı,Fast,Adjectives,2
Hizmet etmek,To serve,Actions_Activities,4
Hoca,Teacher,Occupations,2
Hoş,Nice,Adjectives,1
İbadet,Worship,Actions_Activities,3
İçecek,Drink,Food_Drink,3
İçmek,To drink,Actions_Activities,2
İğne,Needle (or syringe),Objects_Things,2
İhtiyaç,Need (basic need),Concepts,3
İki,Two,Numbers,2
İkram etmek,To treat/ to give something for free,Actions_Activities,4
İl,Province,Places_Locations,1
İlaç,Medicine,Objects_Things,2
İlçe,District (section of a province),Places_Locations,2
İlgi,Interest,Concepts,2
İlginç,Interesting (or strange),Adjectives,2
İlişki,Relationship,Concepts,3
İlk,First,Adjectives,1
İlkbahar,Spring,Time_Calendar,3
İmkânsiz,Impossible,Adjectives,2
İmza,Signature,Objects_Things,2
İnanç,Faith,Concepts,2
İnanmak,To believe,Concepts,3
İnce,Thin,Adjectives,2
İndirim,Discount,Finance,4
İnek,Cow,Animals,2
İngilizce,English (language),Language_Communication,4
İnmek,To get off,Actions_Activities,2
İnşaat,Construction,Places_Locations,2
İnsan,Person,People,3
İnternet,Internet,Objects_Things,3
İp,Thread,Objects_Things,1
İptal etmek,To cancel,Actions_Activities,4
İş,Work (profession),Occupations,1
İşçi,Worker,Occupations,2
Işık,Light,Objects_Things,2
İsim,Name,Language_Communication,3
Islak,Wet,Adjectives,2
İşlem,Process,Actions_Activities,3
İstemek,To want,Actions_Activities,3
İyi,Good,Adjectives,2
İzin,Permission/ permit,Concepts,3
İzin vermek,To give permission,Actions_Activities,4
İzlemek,To watch/ to follow,Actions_Activities,3
Kaba,Rude,Adjectives,2
Kablo,Cable,Objects_Things,2
Kabul etmek,To accept,Actions_Activities,4
Kaç,How many,Adverbs,1
Kaçmak,To escape,Actions_Activities,2
Kadar,Quantity,Adverbs,2
Kadın,Woman,People,3
Kafa,Head,Body_Parts,2
Kâğıt,Paper,Objects_Things,1
Kahraman,Hero,People,4
Kahvaltı,Breakfast,Food_Drink,3
Kahve,Coffee,Food_Drink,2
Kahverengi,Brown,Colors,4
Kalabalık,Crowded (or crowd),Adjectives,4
Kaldırmak,To remove,Actions_Activities,3
Kalem,Pen (or other writing utensil),Objects_Things,3
Kalıcı,Permanent,Adjectives,3
Kalın,Thick,Adjectives,3
Kalite,Quality,Concepts,3
Kalkmak,To rise,Actions_Activities,2
Kalmak,To stay,Actions_Activities,2
Kâlp,Heart,Body_Parts,1
Kan,Blood,Body_Parts,2
Kanal,Canal/ channel,Objects_Things,2
Kanepe,Couch,Objects_Things,3
Kanun,Law,Concepts,3
Kapak,Cover,Objects_Things,2
Kapatmak,To close (something),Actions_Activities,3
Kapı,Door,Objects_Things,2
Karanlık,Darkness,Adjectives,3
Karar vermek,To decide,Actions_Activities,4
Kardeş,Sibling,Family_Relationships,2
Karı,Wife,Family_Relationships,2
Karın,Stomach,Body_Parts,3
Karıştırmak,To mix,Actions_Activities,4
Karşı,Opposite side/ against,Adverbs,2
Kart,Card,Objects_Things,1
Kasa,Checkout,Objects_Things,2
Kasaba,Town,Places_Locations,3
Kaşık,Spoon,Objects_Things,2
Kasım,November,Time_Calendar,3
Kat,Floor (layer),Places_Locations,1
Katılmak,To join/ to agree,Actions_Activities,3
Kavşak,Roundabout,Places_Locations,2
Kaya,Boulder,Places_Locations,2
Kaybetmek,To lose,Actions_Activities,3
Kayıt,Record,Objects_Things,2
Kaymak,To slide/ skate (or whipped cream),Food_Drink,2
Kaynak,Source,Objects_Things,2
Kaza,Crash/ accident,Events,2
Kazanmak,To win,Actions_Activities,3
Kebab,Kabob,Food_Drink,2
Keçi,Goat,Animals,2
Kedi,Cat,Animals,2
Kelime,Word,Language_Communication,3
Kenar,Edge,Places_Locations,2
Kent,City,Places_Locations,1
Kesilmek,To be cut/ to be turned off,Actions_Activities,3
Kesin,Certain,Adjectives,3
Kesinlikle,Certainly,Adverbs,4
Kesmek,To cut,Actions_Activities,2
Kibar,Polite,Adjectives,2
Kılıç,Sword,Objects_Things,2
Kilim,Carpet/ floor mat,Objects_Things,3
Kilitlemek,To lock,Actions_Activities,4
Kılmak,To do/ to make/ to perform,Actions_Activities,2
Kilo,Kilogram,Measurement,2
Kilometre,Kilometer,Measurement,4
Kim,Who,Question_Words,2
Kimlik,Identity,Objects_Things,2
Kırk,Forty,Numbers,1
Kirli,Dirty,Adjectives,2
Kırmızı,Red,Colors,3
Kış,Winter,Time_Calendar,1
Kısa,Short,Adjectives,2
Kişi,Person,People,2
Kısım,Part,Concepts,3
Kitap,Book,Objects_Things,2
Kız,Girl,People,1
Kız çocuk,Girl/ daughter,People,3
Kız kardeş,Sister,Family_Relationships,3
Kızarmak,To fry/ to turn red,Actions_Activities,3
Kızgın,Angry/ hot,Adjectives,3
Koca,Husband (or huge),People,2
Koku,Smell,Perception,2
Kol,Arm,Body_Parts,1
Kol saati,Wrist watch,Objects_Things,3
Kolay,Easy,Adjectives,2
Koltuk,Couch (or armchair),Objects_Things,2
Kombi,Natural gas water heater,Objects_Things,2
Komik,Funny,Adjectives,2
Kontrol etmek,To check,Actions_Activities,4
Konu,Topic,Language_Communication,2
Konuşmak,To talk,Actions_Activities,3
Köpek,Dog,Animals,2
Kör,Blind,Adjectives,1
Köri,Curry,Food_Drink,2
Koridor,Aisle,Places_Locations,3
Korkmak,To be afraid,Feelings_Emotions,2
Korumak,To protect,Actions_Activities,3
Köşe,Corner,Places_Locations,2
Koşmak,To run,Actions_Activities,2
Kötü,Bad,Adjectives,2
Kötülük,Evil,Concepts,3
Köy,Village,Places_Locations,1
Koymak,To put,Actions_Activities,2
Koyu,Dark/ intense,Colors,2
Koyun,Sheep,Animals,3
Kral,King,People,1
Kredi,Credit (loan),Finance,2
Kriz,Crisis,Concepts,1
Küçük,Small,Adjectives,2
Kulak,Ear,Body_Parts,2
Kullanmak,To use,Actions_Activities,3
Kültür,Culture,Concepts,2
Kum,Sand,Objects_Things,2
Kumanda,Remote control,Objects_Things,3
Kurabiye,Cookie,Food_Drink,4
Kural,Rule,Concepts,2
Kurbağa,Frog,Animals,3
Kurban etmek,To sacrifice (an animal),Actions_Activities,4
Kurmak,To build (a building)/ to establish (an organization),Actions_Activities,2
Kurt,Wolf,Animals,1
Kurtarmak,To save/ to rescue,Actions_Activities,3
Kurtulmak,To be saved/ rescued,Actions_Activities,3
Kuru,Dry,Adjectives,2
Kuş,Bird,Animals,1
Kusura bakma,I'm sorry (informal apology),Language_Communication,5
Kusursuz,Flawless/ perfect,Adjectives,3
Kutlamak,To celebrate,Actions_Activities,3
Kutu,Box,Objects_Things,2
Kuzey,North,Places_Locations,2
Laf,Word/ empty words,Language_Communication,1
Lastik,Tire,Objects_Things,2
Lavabo,Bathroom/ bathroom sink,Objects_Things,3
Lâzım,Needed,Concepts,2
Lezzetli,Flavorful/ good tasting,Adjectives,3
Lider,Leader,People,2
Limon,Lemon,Food_Drink,3
Lira,Lira (Turkish unit of money),Finance,2
Lise,High school,Education,2
Lüks,Luxurious,Adjectives,1
Lütfen,Please,Language_Communication,3
Maç,Sports match,Events,1
Madde,Material,Concepts,2
Mağaza,Store,Places_Locations,3
Mahalle,Neighborhood (part of an ilçe),Places_Locations,3
Makine,Machine,Objects_Things,3
Mal,Goods/ property,Objects_Things,1
Malzeme,Ingredient/ material,Objects_Things,3
Mantık,Logic,Concepts,2
Manzara,Scenery,Places_Locations,3
Marka,Brand,Objects_Things,2
Mart,March,Time_Calendar,1
Masa,Table,Objects_Things,2
Mavi,Blue,Colors,2
Maya,Yeast,Objects_Things,2
Mayıs,May,Time_Calendar,2
Meclis,Parliament,Occupations,2
Medya,Media,Concepts,2
Mektup,Letter (mail),Language_Communication,2
Memleket,Homeland,Places_Locations,3
Merak etmek,To worry/ to be curious,Actions_Activities,4
Merdiven,Stairs/ ladder,Objects_Things,4
Merhaba,Hello,Language_Communication,3
Merkez,Center,Places_Locations,2
Mesafe,Distance,Concepts,3
Mesaj,Message (usually text message),Language_Communication,2
Mesela,For example,Adverbs,3
Mesele,Issue/ matter,Concepts,3
Meslek,Profession,Occupations,2
Metal,Metal,Objects_Things,2
Metre,Meter (or tape measure),Measurement,2
Metre kare,Square meters,Measurement,4
Meydan,City square/ commons,Places_Locations,3
Meyve,Fruit,Food_Drink,2
Mide,Stomach,Body_Parts,2
Miktar,Amount,Concepts,2
Millet,People/ nation,People,2
Milyar,Billion,Numbers,2
Milyon,Million,Numbers,3
Miras,Inheritance,Concepts,2
Misafir,Guest,People,3
Mısır,Corn/ Egypt,Food_Drink,2
Mor,Purple,Colors,1
Müdür,Manager,Occupations,2
Mum,Candle,Objects_Things,2
Mümkün,Possible,Adjectives,3
Müsait,Available,Adjectives,2
Müşteri,Customer,People,3
Mutfak,Kitchen,Places_Locations,2
Mutlaka,Absolutely,Adverbs,3
Mutlu,Happy,Adjectives,2
Mutsuz,Unhappy,Adjectives,2
Müzik,Music,Objects_Things,2
Nakit,Cash,Finance,2
Nasıl,How,Question_Words,2
Ne,What,Question_Words,1
Neden,Why,Question_Words,3
Nefes almak,To breathe,Actions_Activities,4
Nehir,River,Places_Locations,2
Nerede,Where,Question_Words,3
Neredeyse,Almost,Adverbs,4
Net,Clear/ plain,Adjectives,1
Neyse,Anyway,Adverbs,2
Nisan,April,Time_Calendar,3
Nişanlı,Engaged,Family_Relationships,3
Niye,Why (informal),Question_Words,2
Nöbetçi,Open during late hours (ER/ eczane/ etc),Occupations,3
Nokta,Point (or period),Objects_Things,2
Normal,Normal,Adjectives,2
Normalde,Normally,Adverbs,3
Numara,Number,Objects_Things,3
Öbür,The other (one),Adjectives,2
Ocak,January (or stove),Time_Calendar,2
Oda,Room,Places_Locations,2
Ödemek,To pay (money),Finance,3
Odun,Log,Objects_Things,3
Öğrenci,Student,Occupations,3
Öğretmek,To teach,Actions_Activities,3
Öğretmen,Teacher,Occupations,4
Oğul,Son,Family_Relationships,2
Okul,School,Places_Locations,2
Okumak,To read/ study,Actions_Activities,3
Okyanus,Ocean,Places_Locations,3
Olay,Event,Events,2
Oldukça,Really,Adverbs,3
Öldürmek,To kill,Actions_Activities,3
Olmak,To be/ to become,Actions_Activities,2
Ölmek,To die,Actions_Activities,2
Ölüm,Death,Concepts,3
Olur,Okay,Adverbs,2
On,Ten,Numbers,2
Onaylamak,To condone/ accept,Actions_Activities,4
Önce,Before,Adverbs,2
Önemli,Important,Adjectives,3
Orman,Forest,Places_Locations,3
Örneğin,For example,Adverbs,4
Örnek,Example,Concepts,2
Orta,Middle/ center,Adjectives,2
Ortak,Shared,Adjectives,2
Örümcek,Spider,Animals,3
Ot,Feed (for an animal),Objects_Things,1
Otel,Hotel,Places_Locations,2
Otobüs,Bus,Transportation,3
Otomobil,Automobile,Transportation,4
Oturmak,To sit,Actions_Activities,3
Otuz,Thirty,Numbers,2
Öykü,Story,Language_Communication,2
Öyle,That way/ like that,Adverbs,2
Oynamak,To play,Actions_Activities,3
Oyun,Game,Activities_Games,3
Oyuncak,Toy,Objects_Things,3
Özel,Special,Adjectives,2
Özellikle,Especially,Adverbs,4
Özgür,Free (not enslaved),Adjectives,2
Özlemek,To miss (someone),Feelings_Emotions,3
Özür dilerim,I'm sorry (for a wrong I've done),Language_Communication,6
Pahalı,Expensive,Adjectives,3
Pamuk,Cotton,Objects_Things,2
Pantolon,Pants,Objects_Things,4
Para,Money,Finance,2
Parça,Part,Objects_Things,2
Parmak,Finger,Body_Parts,2
Parti,Party,Events,2
Pastane,Bakery,Places_Locations,3
Patlamak,To explode/ to pop,Actions_Activities,3
Patlıcan,Eggplant,Food_Drink,4
Patron,Employer/ boss,Occupations,3
Paylaşmak,To share,Actions_Activities,3
Pazar,Sunday (or bazaar),Time_Calendar,2
Pazartesi,Monday,Time_Calendar,4
Pek,Very,Adverbs,1
Peki,Well,Adverbs,2
Pembe,Pink,Colors,2
Pencere,Window,Objects_Things,3
Perde,Curtains,Objects_Things,2
Perşembe,Thursday,Time_Calendar,3
Peşin,Paid up front (not in installments),Adjectives,3
Pişman,Regretful,Adjectives,3
Plan,Plan,Concepts,2
Polis,Police officer,Occupations,2
Portakal,Orange,Food_Drink,3
Problem,Problem,Concepts,3
Program,Schedule/ computer program,Objects_Things,3
Proje,Project,Concepts,2
Puan,Point (in a game),Objects_Things,2
Rahat,Comfortable,Adjectives,2
Reddetmek,To refuse,Actions_Activities,3
Reklam,Advertisement,Concepts,3
Renk,Color,Colors,1
Resim,Picture,Objects_Things,3
Ruh,Spirit,Body_Parts,1
Rüya,Dream,Language_Communication,2
Rüzgâr,Wind,Weather,1
Saat,Time/ hour,Objects_Things,1
Sabah,Morning,Time_Calendar,2
Sabırlı,Patient,Adjectives,3
Sabun,Soap,Objects_Things,3
Saç,Hair,Body_Parts,1
Sade,Plain/ unsweetened,Adjectives,2
Sadece,Only,Adverbs,3
Sağlamak,To provide,Actions_Activities,3
Sağlık,health,Concepts,2
Sağol,Thanks,Language_Communication,2
Sahip,Owner,Concepts,2
Sakin,Calm,Adjectives,3
Saklamak,To store/ to hide (something),Actions_Activities,3
Salatalık,Cucumber,Food_Drink,4
Salı,Tuesday,Time_Calendar,2
Salon,Living room,Places_Locations,3
Sanat,Art,Concepts,2
Sandalye,Chair,Objects_Things,3
Saniye,Second,Measurement,3
Sanki,As if,Adverbs,2
Sanmak,To think/ suppose,Actions_Activities,2
Şans,Chance,Concepts,1
Şapka,Hat,Objects_Things,2
Sarı,Yellow,Colors,2
Şarj,Charge (for a phone or other device),Objects_Things,1
Şarkı,Song,Language_Communication,2
Şart,Condition/ need,Concepts,1
Satın almak,To purchase,Actions_Activities,4
Satmak,To sell,Actions_Activities,2
Savaş,War,Events,2
Sayfa,Page,Objects_Things,2
Saygı,Respect,Concepts,2
Sayı,Number,Numbers,2
Sebep,Reason/ cause,Concepts,2
Sebze,Vegetable,Food_Drink,2
Seçim,Choice/ election,Concepts,3
Seçmek,To choose,Actions_Activities,2
Şehir,City,Places_Locations,2
Sehpa,Coffee table,Objects_Things,2
Şeker,Sugar,Food_Drink,2
Şekil,Shape,Concepts,2
Sekiz,Eight,Numbers,2
Seksan,Eighty,Numbers,3
Sene,Year,Time_Calendar,2
Sepet,Basket,Objects_Things,2
Serbest,Free (independent),Adjectives,2
Sert,Hard/ harsh,Adjectives,1
Servis,Shuttle/ place setting,Concepts,2
Ses,Sound,Perception,1
Ses kaydı yapmak,To record (sound),Actions_Activities,5
Sevgi,Love,Feelings_Emotions,2
Sevinmek,To rejoice/ to be happy,Feelings_Emotions,3
Sevmek,To love,Feelings_Emotions,2
Şey,Thing,Concepts,1
Seyretmek,To watch,Actions_Activities,3
Sıcak,Warm/ friendly,Adjectives,2
Şifre,Password,Objects_Things,2
Sigara,Cigarette,Objects_Things,3
Sigorta,Insurance,Finance,3
Şiir,Poem,Language_Communication,1
Şikayet etmek,To complain,Actions_Activities,5
Sıkılmak,To be bored with,Feelings_Emotions,3
Sıkıntı,Trouble,Feelings_Emotions,3
Silah,Weapon,Objects_Things,2
Silmek,To erase,Actions_Activities,2
Şimdi,Now,Adverbs,2
Sınav,Exam,Events,2
Sinek,Fly (or other similar bug),Animals,2
Sınıf,Class,Education,2
Sınır,Border/ limit,Places_Locations,2
Sinirlenmek,To be angry,Feelings_Emotions,4
Sipariş vermek,To place an order,Actions_Activities,5
Sıra,Turn/ queue,Concepts,2
Sirke,Vinegar,Food_Drink,2
Şirket,Company,Occupations,2
Sırt,Back,Body_Parts,1
Şişe,Bottle,Objects_Things,2
Sistem,System,Concepts,3
Sıvı,Liquid,Objects_Things,2
Siyah,Black,Colors,2
Siyaset,Politics,Concepts,3
Soğuk,Cold,Adjectives,2
Sohbet etmek,To chat,Actions_Activities,4
Sokak,Street/ side road,Places_Locations,2
Sokmak,To insert/ to sting,Actions_Activities,2
Sol,Left,Directions,1
Son,Last,Adjectives,2
Sonbahar,Fall,Time_Calendar,3
Sonra,After,Adverbs,2
Sonsuz,Forever,Adjectives,2
Sonuç,Result,Concepts,2
Sormak,To ask,Actions_Activities,2
Soru,Question,Language_Communication,2
Sorun,Problem,Concepts,3
Sos,Sauce,Food_Drink,1
Sosyal,Social,Adjectives,2
Sote,Saute,Food_Drink,2
Söylemek,To say,Language_Communication,3
Söz,Word/ promise,Language_Communication,1
Spor yapmak,To exercise,Activities_Games,3
Su,Water,Objects_Things,1
Şubat,February,Time_Calendar,2
Suç,Crime/ fault,Concepts,1
Sunmak,To offer/ present,Actions_Activities,2
Şüphe,Suspicion/ doubt,Feelings_Emotions,2
Süre,Duration,Concepts,2
Sürekli,Continuously,Adjectives,3
Sürmek,To spread/ to drive,Actions_Activities,2
Sürpriz,Surprise,Concepts,2
Sürücü,Driver,Occupations,3
Susamak,To be thirsty,Feelings_Emotions,3
Süt,Milk,Food_Drink,1
Tabak,Plate,Objects_Things,2
Tabii,Of course,Adverbs,2
Tahmin etmek,To predict,Actions_Activities,4
Tahta,Wood,Objects_Things,2
Takım,Team,Objects_Things,3
Takip etmek,To follow,Actions_Activities,4
Takmak,To hang up/ to attach,Actions_Activities,2
Taksit,Payment in installments,Finance,2
Talep,Request,Actions_Activities,2
Tam,Exact/ whole,Adjectives,2
Tamam,Okay/ finished,Adverbs,3
Tamir etmek,To repair,Actions_Activities,4
Tane,Piece/ unit,Objects_Things,2
Tanımak,To know (person),Actions_Activities,3
Tanışmak,To meet (for the first time),Actions_Activities,3
Taraf,Side,Concepts,2
Tarih,Date/ history,Time_Calendar,2
Tartışmak,To argue,Actions_Activities,3
Tarz,Style,Concepts,1
Taş,Stone,Objects_Things,1
Taşımak,To carry/ to move,Actions_Activities,3
Tatil,Vacation,Time_Calendar,2
Tatlı,Sweet/ dessert,Food_Drink,2
Tavan,Ceiling,Objects_Things,3
Tavşan,Rabbit,Animals,3
Tavsiye etmek,To recommend,Actions_Activities,5
Taze,Fresh,Adjectives,2
Tebrik etmek,To congratulate,Actions_Activities,4
Tedavi,Therapy,Actions_Activities,3
Tehlike,Danger,Concepts,3
Tek,Single/ only,Adjectives,1
Teknik,Technical/ tecnique,Concepts,2
Teknoloji,Technology,Concepts,4
Tekrar,Again,Adverbs,2
Telefon,Telephone,Objects_Things,4
Televizyon,Television,Objects_Things,5
Tembel,Lazy,Adjectives,2
Temel,Foundation,Adjectives,2
Temiz,Clean,Adjectives,2
Temizlemek,To clean (something),Actions_Activities,4
Temmuz,July,Time_Calendar,2
Tencere,Pot,Objects_Things,3
Tepe,Hill,Places_Locations,2
Tepki,Reaction,Concepts,2
Tepsi,Tray,Objects_Things,2
Ter,Sweat,Body_Parts,1
Tercih etmek,To prefer,Actions_Activities,4
Terlik,Slippers,Objects_Things,2
Ters,Backwards,Adjectives,1
Teyze,Aunt (Mother's sister),People,2
Tip,Type,Concepts,1
Top,Ball,Objects_Things,1
Toplam,Total,Adjectives,3
Toplamak,To gather (or add numbers),Actions_Activities,3
Toplantı,Meeting,Events,3
Toplum,Society,Concepts,3
Toprak,Dirt,Places_Locations,2
Toz,Dust (or powder),Objects_Things,1
Trafik,Traffic,Concepts,2
Tren,Train,Transportation,2
Tüm,All/ entire,Adjectives,2
Tür,Type,Concepts,1
Türkçe,Turkish,Language_Communication,2
Turuncu,Orange (the color/ not the fruit),Colors,3
Tutmak,To catch/ to hold,Actions_Activities,2
Tuvalet,Toilet,Places_Locations,3
Tuz,Salt,Food_Drink,1
Uç,Point,Adjectives,1
Üç,Three,Numbers,1
Uçak,Airplane,Transportation,2
Uçmak,To fly,Actions_Activities,2
Ücret,Price (or salary),Finance,2
Üçüncü,Third,Numbers,3
Ucuz,Cheap,Adjectives,2
Ufak,Tiny,Adjectives,2
Uğraşmak,To struggle,Actions_Activities,3
Ulaşmak,To arrive,Actions_Activities,3
Ülke,Country,Places_Locations,2
Uluslararası,International,Places_Locations,6
Ummak,To hope,Feelings_Emotions,2
Üniversite,University,Education,5
Ünlü,Famous,Adjectives,2
Unutmak,To forget,Actions_Activities,3
Ürün,Product,Objects_Things,3
Usta,Expert/ craftsman,Occupations,2
Üşümek,To be cold,Feelings_Emotions,3
Utanmak,To be shy,Feelings_Emotions,3
Uyanık,Awake,Adjectives,3
Üye,Member,People,2
Uygulamak,To apply,Actions_Activities,4
Uygun,Available,Adjectives,3
Uymak,To obey/ to fit,Actions_Activities,2
Uyumak,To sleep,Actions_Activities,3
Uzak,Far,Adjectives,2
Uzanmak,To lie down,Actions_Activities,3
Uzatmak,To extend,Actions_Activities,3
Üzgün,Sad,Adjectives,3
Uzman,Expert,Occupations,3
Üzüm,Grapes,Food_Drink,3
Uzun,Long/ tall,Adjectives,3
Vakit,Time,Time_Calendar,2
Varmak,To arrive,Actions_Activities,2
Vatandaş,Citizen,People,3
Vazgeçmek,To change one's mind,Actions_Activities,3
Ve,And,Conjunctions,1
Vergi,Tax,Finance,2
Vermek,To give,Actions_Activities,2
Veya,Or,Conjunctions,2
Vücut,Body,Body_Parts,2
Vurmak,To hit,Actions_Activities,2
WC,Bathroom (water closet),Objects_Things,1
Ya da,Or,Language_Communication,2
Yabancı,Foreigner,People,3
Yağ,Oil/ fat,Objects_Things,1
Yağmur,Rain,Weather,2
Yakalamak,To catch,Actions_Activities,4
Yakın,Near,Adjectives,3
Yaklaşık,Approximately,Adjectives,3
Yaklaşmak,To get closer,Actions_Activities,3
Yakmak,To light (a fire/ stove),Actions_Activities,2
Yalnız,Alone,Adjectives,2
Yani,In other words,Language_Communication,2
Yanıt,Answer,Actions_Activities,2
Yanlış,Wrong,Adjectives,2
Yanmak,To burn,Actions_Activities,2
Yapı,Structure,Objects_Things,2
Yapmak,To do,Actions_Activities,2
Yaprak,Leaf,Objects_Things,2
Yara,Injury,Health,2
Yaratmak,To create,Actions_Activities,3
Yardım etmek,To help,Actions_Activities,4
Yarım,Half,Adjectives,3
Yaş,Age,Time_Calendar,1
Yasa,Law,Concepts,2
Yaşam,Life,Concepts,3
Yaşamak,To live,Actions_Activities,3
Yaşlı,Old (person),Adjectives,2
Yatak,Bed,Objects_Things,2
Yatmak,To lie down,Actions_Activities,2
Yavaş,Slow,Adjectives,2
Yaygın,Common/ widespread,Adjectives,3
Yaz,Summer,Time_Calendar,1
Yazar,Author,Occupations,2
Yazmak,To write,Actions_Activities,2
Yedek,Extra,Objects_Things,2
Yedi,Seven,Numbers,2
Yemek,To Eat,Food_Drink,2
Yeni,New,Adjectives,2
Yer,Place/ floor,Places_Locations,1
Yeşil,Green,Colors,2
Yetenek,Skill,Concepts,3
Yeterli,Enough,Adjectives,3
Yetmiş,Seventy,Numbers,2
Yıl,Year,Time_Calendar,1
Yılan,Snake,Animals,3
Yıldız,Star,Objects_Things,2
Yine,Again,Adverbs,2
Yirmi,Twenty,Numbers,2
Yiyecek,Food,Food_Drink,3
Yoğun,Thick/ busy,Adjectives,3
Yoğurt,Yogurt,Food_Drink,2
Yoksa,Or,Adverbs,2
Yol,Road/ path,Places_Locations,1
Yön,Direction,Places_Locations,2
Yönetici,Manager,Occupations,4
Yönetmek,To lead,Actions_Activities,3
Yöntem,Method,Concepts,3
Yorulmak,To be exhausted,Actions_Activities,3
Yorum,Comment,Language_Communication,3
Yüksek,High,Adjectives,2
Yumurta,Egg,Food_Drink,3
Yumuşak,Soft,Adjectives,3
Yurt dışı,Outside the country,Places_Locations,3
Yurtiçi,Domestic (inside the country),Places_Locations,3
Yürümek,To walk,Actions_Activities,3
Yuvarlak,Round,Adjectives,3
Yüz,Face/ 100,Body_Parts,1
Yüzde,Percent,Concepts,2
Yüzyıl,Century,Time_Calendar,2
Zafer,Victory,Concepts,2
Zaman,Time,Time_Calendar,3
Zarar,Damage,Concepts,2
Zarf,Envelope/ adverb,Objects_Things,1
Zaten,Anyway/ already,Adverbs,3
Zayıf,Thin/ weak,Adjectives,2
Zehir,Poison,Objects_Things,2
Zeki,Intelligent,Adjectives,2
Zemin,Ground (floor),Places_Locations,3
Zengin,Rich,Adjectives,3
Zevk,Pleasure,Concepts,1
Zeytin,Olive,Food_Drink,3
Zil,Doorbell,Objects_Things,1
Zor,Difficult,Adjectives,1
olarak,as,Language_Communication,3
ben,I,People,2
onun,his,People,3
bu,that,Adjectives,1
diye,he,Adverbs,2
oldu,was,Adjectives,2
için,for,Adverbs,3
üzerinde,on,Adverbs,4
vardır,are,Adverbs,2
ile,with,Adverbs,2
onlar,they,People,2
var,have,Adverbs,1
dan,from,Adverbs,2
tarafından,by,Adverbs,5
ancak,but,Adverbs,2
olduğunu,is,Adverbs,4
o,it,People,1
sen,you,People,2
vardı,had,Adverbs,2
arasında,of,Adverbs,4
içinde,in,Adverbs,3
biz,we,People,1
üzerinden,out,Adverbs,5
do,do,Adverbs,1
onların,their,People,4
eğer,if,Adverbs,2
olacak,will,Adverbs,3
dedi,said,Language_Communication,2
söyle,tell,Language_Communication,2
yok,does,Adverbs,1
set,set,Adverbs,1
istiyorum,want,Language_Communication,5
iyi,well,Adjectives,2
ayrıca,also,Adverbs,3
liman,port,Places_Locations,3
büyü,spell,Adjectives,2
ekleyin,add,Actions_Activities,4
hatta,even,Adverbs,2
arazi,land,Places_Locations,3
gerekir,must,Adverbs,3
böyle,such,Adverbs,2
izleyin,follow,Actions_Activities,4
erkekler,men,People,3
değişim,change,Concepts,4
gitti,went,Actions_Activities,2
ışık,light,Objects_Things,2
kapalı,off,Adjectives,3
gerek,need,Adverbs,2
bizi,us,People,2
inşa etmek,build,Actions_Activities,4
öz,self,Adjectives,1
herhangi bir,any,Adjectives,4
iş,work,Occupations,1
olsun,get,Adverbs,3
yapılan,made,Actions_Activities,4
geri,back,Adverbs,2
geldi,came,Actions_Activities,2
gösterisi,show,Actions_Activities,4
bana,me,People,2
bizim,our,People,3
altında,under,Adverbs,3
adı,name,People,2
formu,form,Objects_Things,2
yardım,help,Actions_Activities,3
düşük,low,Adjectives,2
hat,line,Objects_Things,1
dönüş,turn,Actions_Activities,2
sağ,right,Adverbs,1
orada,there,Adverbs,3
yukarı,up,Adverbs,3
Kullanım,use,Actions_Activities,4
senin,your,People,3
hakkında,about,Adverbs,3
o zaman,then,Adverbs,4
onları,them,People,3
would,would,Adverbs,1
bu yüzden,so,Adverbs,4
onu,her,People,2
iki,two,Numbers,2
bak,look,Actions_Activities,1
daha fazla,more,Adverbs,4
olabilir,could,Adverbs,4
gel,come,Actions_Activities,1
yaptım,did,Actions_Activities,3
numarası,number,Numbers,4
insanlar,people,People,3
benim,my,People,3
daha,than,Adverbs,2
çağrı,call,Actions_Activities,2
ilk,first,Numbers,1
may,may,Time_Calendar,1
aşağı,down,Adverbs,3
yan,side,Adverbs,2
standı,stand,Occupations,2
kendi,own,Adjectives,2
bulundu,found,Actions_Activities,3
cevap,answer,Actions_Activities,2
çalışma,study,Actions_Activities,3
hala,still,Adverbs,2
öğrenmek,learn,Actions_Activities,3
let,let,Adverbs,1
çapraz,cross,Adverbs,2
çiftlik,farm,Places_Locations,2
başlangıç,start,Actions_Activities,3
hikaye,story,Actions_Activities,3
testere,saw,Objects_Things,3
çizmek,draw,Actions_Activities,2
run,run,Actions_Activities,2
yapamaz,don’t,Adjectives,3
basın,press,Occupations,3
aldı,took,Actions_Activities,2
arkadaşı,friend,People,4
başladı,began,Actions_Activities,3
dur,stop,Adverbs,1
bir kez,once,Adverbs,2
baz,base,Objects_Things,1
kesim,cut,Actions_Activities,3
izle,watch,Actions_Activities,2
ahşap,wood,Objects_Things,2
ana,main,People,2
sonraki,next,Adverbs,3
başla,begin,Actions_Activities,2
kolaylığı,ease,Adjectives,4
her ikisi de,both,Adverbs,5
işareti,mark,Objects_Things,4
sık sık,often,Adverbs,2
ayaklar,feet,Body_Parts,3
bakım,care,Actions_Activities,3
ikinci,second,Numbers,3
olağan,usual,Adjectives,4
yukarıdaki,above,Adverbs,5
hiç,ever,Adverbs,1
listesi,list,Objects_Things,3
olsa,though,Adverbs,2
tartışma,talk,Actions_Activities,3
yakında,soon,Adverbs,3
doğrudan,direct,Adverbs,4
poz,pose,Objects_Things,1
bırakın,leave,Actions_Activities,4
ölçmek,measure,Actions_Activities,2
rakam,numeral,Numbers,3
rüzgar,wind,Weather,2
komple,complete,Adjectives,2
gemi,ship,Objects_Things,2
sipariş,order,Actions_Activities,3
yangın,fire,Actions_Activities,3
söyledi,told,Language_Communication,3
biliyordu,knew,Adverbs,4
beri,since,Adverbs,2
üst,top,Adjectives,1
inch,inch,Measurement,1
hiçbir şey,nothing,Adverbs,3
tekerlek,wheel,Objects_Things,3
kuvvet,force,Concepts,2
nesne,object,Objects_Things,2
yüzey,surface,Objects_Things,2
ada,island,Places_Locations,2
meşgul,busy,Adjectives,2
Test,test,Actions_Activities,1
tekne,boat,Objects_Things,2
düzlem,plane,Objects_Things,3
başkasının yeri,stead,Places_Locations,6
koştu,ran,Actions_Activities,2
kontrol,check,Actions_Activities,2
oyunu,game,Actions_Activities,3
özledim,miss,Feelings_Emotions,4
getirdi,brought,Actions_Activities,3
ısı,heat,Weather,2
kar,snow,Weather,1
doldurun,fill,Actions_Activities,4
boya,paint,Objects_Things,2
ünitesi,unit,Objects_Things,4
ince,fine,Adjectives,2
belirli,certain,Adjectives,3
kurşun,lead,Objects_Things,3
notu,note,Objects_Things,2
bekleyin,wait,Adverbs,4
planı,plan,Concepts,2
i,noun,Letters_Alphabets,1
gerisi,rest,Concepts,3
yetenekli,able,Adjectives,4
kiloluk,pound,Measurement,3
bitti,done,Actions_Activities,2
güzellik,beauty,Concepts,3
durdu,stood,Actions_Activities,2
içeren,contain,Actions_Activities,4
ön,front,Adjectives,2
nihai,final,Adjectives,2
verdi,gave,Actions_Activities,2
oh,oh,Language_Communication,1
geliştirmek,develop,Actions_Activities,4
ücretsiz,free,Adjectives,3
zihin,mind,Concepts,3
arkasında,behind,Location,4
kuyruk,tail,Objects_Things,2
üretmek,produce,Actions_Activities,3
uzay,space,Science_Technology,2
duydum,heard,Perception,3
en iyi,best,Adjectives,3
daha iyi,better,Adjectives,4
sırasında,during,Time_Calendar,4
hatırlıyorum,remember,Actions_Activities,6
tutun,hold,Actions_Activities,3
faiz,interest,Finance,1
fiil,verb,Language_Communication,1
şarkı söylemek,sing,Actions_Activities,5
dinle,listen,Actions_Activities,2
tablo,table,Objects_Things,2
seyahat,travel,Actions_Activities,3
desen,pattern,Concepts,3
merkezi,center,Location,3
hizmet,serve,Actions_Activities,2
görünür,appear,Adjectives,3
idare,govern,Actions_Activities,3
Çek,pull,Actions_Activities,1
avı,hunt,Actions_Activities,2
muhtemel,probable,Adjectives,3
hücre,cell,Science_Technology,2
inanıyorum,believe,Concepts,6
ani,sudden,Adjectives,2
saymak,count,Actions_Activities,2
kare,square,Shapes,2
uzunluk,length,Measurement,3
temsil,represent,Concepts,2
boyut,size,Measurement,2
yerleşmek,settle,Actions_Activities,3
ağırlık,weight,Measurement,3
buz,ice,Objects_Things,1
çifti,pair,Numbers,2
dahil,include,Concepts,2
hece,syllable,Language_Communication,2
keçe,felt,Objects_Things,2
dalga,wave,Nature,2
kalp,heart,Body_Parts,1
duyuyorum,am,Perception,5
mevcut,present,Adjectives,2
dans,dance,Actions_Activities,1
motor,engine,Objects_Things,2
pozisyon,position,Actions_Activities,4
yelken,sail,Objects_Things,3
materyal,material,Objects_Things,3
kesir,fraction,Math,2
yarış,race,Actions_Activities,2
penceresi,window,Objects_Things,4
uyku,sleep,Actions_Activities,2
kanıtlamak,prove,Actions_Activities,4
egzersiz,exercise,Actions_Activities,3
catch,catch,Actions_Activities,1
dilek,wish,Actions_Activities,2
gökyüzü,sky,Nature,3
kurulu,board,Actions_Activities,3
sevinç,joy,Feelings_Emotions,2
Cts,sat,Days_Week,1
yazılı,written,Language_Communication,3
vahşi,wild,Adjectives,2
enstrüman,instrument,Objects_Things,4
tuttu,kept,Actions_Activities,2
çim,grass,Nature,2
inek,cow,Animals,2
ziyareti,visit,Actions_Activities,4
eğlenceli,fun,Adjectives,4
parlak,bright,Adjectives,2
umut,hope,Feelings_Emotions,2
giydirmek,clothe,Actions_Activities,3
garip,strange,Adjectives,2
ticaret,trade,Actions_Activities,3
melodi,melody,Music,3
gezi,trip,Actions_Activities,2
ofis,office,Places_Locations,2
satır,row,Objects_Things,2
sembol,symbol,Objects_Things,2
en az,least,Adjectives,2
hariç,except,Adverbs,2
yazdı,wrote,Actions_Activities,2
tohum,seed,Objects_Things,3
sesi,tone,Perception,2
önermek,suggest,Actions_Activities,3
molası,break,Actions_Activities,3
bayan,lady,People,3
yarda,yard,Places_Locations,2
yükselecek,rise,Actions_Activities,4
darbe,blow,Actions_Activities,2
dokunma,touch,Actions_Activities,3
büyüdü,grew,Actions_Activities,3
tel,wire,Objects_Things,1
maliyet,cost,Finance,3
kaybetti,lost,Actions_Activities,3
gönderildi,sent,Actions_Activities,4
düştü,fell,Actions_Activities,2
akış,flow,Actions_Activities,2
adil,fair,Adjectives,2
kaydetmek,save,Actions_Activities,3
kontrolü,control,Actions_Activities,3
ondalık,decimal,Math,3
kırdı,broke,Actions_Activities,2
dava,case,Concepts,2
oğlu,son,Family_Relationships,2
ölçek,scale,Measurement,2
yüksek sesle,loud,Adverbs,4
bahar,spring,Time_Calendar,2
gözlemlemek,observe,Actions_Activities,4
ünsüz,consonant,Language_Communication,2
ulus,nation,People,2
Sözlük,dictionary,Objects_Things,2
hız,speed,Measurement,1
Organ,organ,Body_Parts,3
ödeme,pay,Finance,3
elbise,dress,Objects_Things,3
bulut,cloud,Objects_Things,2
sessiz,quiet,Adjectives,2
küçücük,tiny,Adjectives,3
tırmanış,climb,Actions_Activities,3
serin,cool,Adjectives,3
dizayn,design,Actions_Activities,3
deneme,experiment,Actions_Activities,3
alt,bottom,Location,1
anahtar,key,Objects_Things,3
demir,iron,Objects_Things,2
sopa,stick,Objects_Things,2
cilt,skin,Body_Parts,1
gülümseme,smile,Actions_Activities,4
kırışık,crease,Adjectives,3
atlama,jump,Actions_Activities,3
karşılamak,meet,Actions_Activities,4
kök,root,Plants,1
satın,buy,Actions_Activities,3
yükseltmek,raise,Actions_Activities,3
it,push,Animals,1
paragraf,paragraph,Language_Communication,3
Shall,shall,Language_Communication,1
tutulan,held,Actions_Activities,4
tanımlamak,describe,Actions_Activities,4
aşçı,cook,Occupations,2
güvenli,safe,Adjectives,3
tipi,type,Objects_Things,2
hukuk,law,Concepts,2
bit,bit,Objects_Things,1
sahil,coast,Places_Locations,2
kopya,copy,Actions_Activities,2
ifade,phrase,Actions_Activities,3
uzun boylu,tall,Adjectives,4
rulo,roll,Objects_Things,2
sıcaklık,temperature,Measurement,3
sanayi,industry,Concepts,3
değeri,value,Concepts,3
kavga,fight,Actions_Activities,2
yalan,lie,Actions_Activities,3
yendi,beat,Actions_Activities,2
heyecanlandırmak,excite,Actions_Activities,6
görünüm,view,Adjectives,4
sense,sense,Language_Communication,2
sermaye,capital,Concepts,3
olmaz,won’t,Adjectives,2
süreç,process,Actions_Activities,2
işletmek,operate,Actions_Activities,3
uygulama,practice,Actions_Activities,4
öğlen,noon,Time_Calendar,3
kırpma,crop,Actions_Activities,2
çağdaş,modern,Adjectives,2
besleme,supply,Actions_Activities,3
kimin,whose,Question_Words,3
yerleştirmek,locate,Actions_Activities,4
halka,ring,Objects_Things,2
karakter,character,Concepts,3
yakalandı,caught,Actions_Activities,4
dönemi,period,Time_Calendar,3
göstermektedir,indicate,Actions_Activities,5
radyo,radio,Objects_Things,2
konuştu,spoke,Language_Communication,3
atomudur,atom,Science_Technology,4
insan,human,People,3
geçmişi,history,Time_Calendar,3
etkisi,effect,Concepts,3
bekliyoruz,expect,Actions_Activities,4
kemik,bone,Body_Parts,2
demiryolu,rail,Objects_Things,4
hayal,imagine,Concepts,2
katılıyorum,agree,Actions_Activities,6
böylece,thus,Adverbs,3
nazik,gentle,Adjectives,2
kaptan,captain,Occupations,3
sanırım,guess,Adverbs,4
keskin,sharp,Adjectives,3
kanat,wing,Body_Parts,2
oluşturmak,create,Actions_Activities,4
komşu,neighbor,People,2
yıkama,wash,Actions_Activities,3
yarasa,bat,Animals,3
yerine,rather,Location,3
karşılaştırma,compare,Concepts,5
dize,string,Objects_Things,2
çan,bell,Objects_Things,2
bağlı,depend,Adjectives,2
ovmak,rub,Actions_Activities,2
tüp,tube,Objects_Things,1
dolar,dollar,Finance,2
akışı,stream,Actions_Activities,3
korku,fear,Feelings_Emotions,2
görüş,sight,Concepts,2
üçgen,triangle,Shapes,3
gezegen,planet,Objects_Things,4
acele,hurry,Adjectives,3
koloni,colony,Objects_Things,3
mayın,mine,Objects_Things,3
kravat,tie,Objects_Things,2
girin,enter,Actions_Activities,3
arama,search,Actions_Activities,3
gun,gun,Objects_Things,2
izin,allow,Actions_Activities,3
ölü,dead,Adjectives,2
çöl,desert,Places_Locations,1
takım elbise,suit,Objects_Things,5
akım,current,Objects_Things,3
asansör,lift,Objects_Things,3
gül,rose,Plants,1
iz,track,Objects_Things,1
ebeveyn,parent,People,4
kıyı,shore,Places_Locations,2
bölünme,division,Concepts,3
levha,sheet,Objects_Things,2
iyilik,favor,Adjectives,3
sonrası,post,Time_Calendar,3
akor,chord,Music,2
şişman,fat,Adjectives,3
memnun,glad,Adjectives,3
orijinal,original,Adjectives,4
payı,share,Finance,2
istasyon,station,Places_Locations,4
bar,bar,Places_Locations,1
teklif,offer,Actions_Activities,2
segmenti,segment,Objects_Things,3
köle,slave,People,2
ördek,duck,Animals,2
anlık,instant,Adjectives,2
derecesi,degree,Measurement,4
civciv,chick,Animals,2
sevgili,dear,People,3
düşman,enemy,People,3
içki,drink,Food_Drink,2
meydana,occur,Actions_Activities,3
konuşma,speech,Language_Communication,3
doğa,nature,Nature,2
aralığı,range,Measurement,4
buhar,steam,Nature,2
log,log,Objects_Things,1
dişler,teeth,Body_Parts,2
kabuk,shell,Objects_Things,2
oksijen,oxygen,Science_Technology,4
beceri,skill,Concepts,3
sezon,season,Time_Calendar,3
mıknatıs,magnet,Objects_Things,3
teşekkür ederim,thank,Language_Communication,7
şube,branch,Objects_Things,2
sonek,suffix,Language_Communication,2
incir,fig,Food_Drink,2
korkuyor,afraid,Feelings_Emotions,3
çelik,steel,Objects_Things,2
ileri,forward,Adjectives,3
benzer,similar,Adjectives,2
kılavuz,guide,Occupations,3
deneyim,experience,Actions_Activities,4
satın aldı,bought,Actions_Activities,4
açtı,led,Actions_Activities,2
zift,pitch,Objects_Things,1
ceket,coat,Objects_Things,2
kitle,mass,Concepts,2
halat,rope,Objects_Things,2
kayma,slip,Actions_Activities,2
win,win,Actions_Activities,2
durumu,condition,Concepts,3
beslemek,feed,Actions_Activities,3
aracı,tool,Objects_Things,3
vadi,valley,Places_Locations,2
bloğu,block,Objects_Things,2
grafiği,chart,Objects_Things,3
anlaşma,deal,Actions_Activities,3
yüzmek,swim,Actions_Activities,2
vadeli,term,Finance,3
karşısında,opposite,Location,4
karısı,wife,Family_Relationships,3
omuz,shoulder,Body_Parts,2
yaymak,spread,Actions_Activities,2
kamp,camp,Places_Locations,1
icat,invent,Actions_Activities,2
doğmuş,born,Adjectives,2
belirlemek,determine,Actions_Activities,4
kuart,quart,Objects_Things,1
kamyon,truck,Transportation,3
gürültü,noise,Perception,3
seviyesi,level,Concepts,4
streç,stretch,Objects_Things,1
parlaklık,shine,Adjectives,3
mülkiyet,property,Concepts,3
sütun,column,Objects_Things,3
molekülü,molecule,Science_Technology,4
seçin,select,Actions_Activities,3
gerektirir,require,Concepts,4
hazırlamak,prepare,Actions_Activities,4
çoğul,plural,Language_Communication,2
öfke,anger,Feelings_Emotions,2
iddia,claim,Concepts,2
kıta,continent,Places_Locations,2
